国家,国家简码,注册数
菲律宾,PH,8764
巴基斯坦,PK,7259
印尼,ID,7201
印度,IN,6528
埃塞俄比亚,ET,5047
尼日利亚,NG,4799
尼泊尔,NP,3631
孟加拉国,BD,3623
南非,ZA,2974
沙特,SA,1554
埃及,EG,1518
肯尼亚,KE,1367
阿联酋,AE,762
美国,US,741
不丹,BT,733
越南,VI,676
巴西,BR,655
卢旺达,RW,452
俄罗斯,RU,445
乌干达,UG,440
缅甸,MM,409
阿尔及利亚,DZ,404
伊拉克,IQ,397
斯威士兰,SZ,369
英国,GB,334
法国,FR,303
津巴布韦,ZW,279
吉尔吉斯斯坦,KG,277
贝宁,BJ,256
多哥,TG,249
乌兹别克斯坦,UZ,237
哥伦比亚,CO,228
马来西亚,MY,220
日本,JP,218
加拿大,CA,216
海地,HT,209
老挝,LA,209
德国,DE,194
黎巴嫩,LB,190
科威特,KW,179
加纳,GH,174
摩洛哥,MA,171
马达加斯加,MG,161
香港,HK,159
多米尼加共和国,DO,155
荷兰,NL,153
泰国,TH,149
哈萨克斯坦,KZ,145
卡塔尔,QA,143
土耳其,TR,137
澳大利亚,AU,125
约旦,JO,125
莱索托,LS,125
也门,YE,121
科特迪瓦,CI,117
利比亚,LY,105
马拉维,MW,105
阿曼,OM,102
土耳其M,TA,99
墨西哥,MX,94
新加坡,SG,93
乌克兰,UA,93
博茨瓦纳,BW,80
突尼斯,TN,77
意大利,IT,73
阿根廷,AR,71
叙利亚,SY,70
布隆迪,BI,67
巴林,BH,52
厄瓜多尔,EC,50
索马里,SO,48
布基纳法索,BF,47
韩国,KR,46
比利时,BE,44
西班牙,ES,39
喀麦隆,CM,38
奥地利,AT,35
赞比亚,ZM,34
波兰,PL,32
巴拉圭,PY,32
台湾,TW,32
安哥拉,AO,27
葡萄牙,PT,26
塞内加尔,SN,26
秘鲁,PE,25
莫桑比克,MZ,24
阿尔巴尼亚,AL,23
智利,CL,23
罗马尼亚,RO,23
刚果布,CG,22
刚果金,CD,22
阿美尼亚,AM,20
以色列,IL,20
纳米比亚,NA,20
巴哈马,BS,19
阿塞拜疆,AZ,18
牙买加,JM,18
斯里兰卡,LK,18
新西兰,NZ,18
白俄罗斯,BY,17
瑞典,SE,17
委内瑞拉,VE,17
古巴,CU,15
丹麦,DK,15
芬兰,FI,14
马里,ML,14
加蓬,GA,13
洪都拉斯,HN,13
爱尔兰,IE,13
坦桑尼亚,TZ,13
希腊,GR,12
摩尔多瓦,MD,12
苏里南,SR,12
巴勒斯坦,BL,11
捷克,CZ,11
几内亚,GN,11
安提瓜和巴布达,AG,10
阿富汗,AF,10
危地马拉,GT,10
柬埔寨,KH,10
毛里求斯,MU,10
尼日尔,NE,10
塞拉利昂,SL,10
安道尔共和国,AD,9
安圭拉岛,AI,9
瑞士,CH,9
冈比亚,GM,9
马尔代夫,MV,9
巴巴多斯,BB,8
保加利亚,BG,8
玻利维亚,BO,8
哥斯达黎加,CR,8
拉脱维亚,LV,8
澳门,MO,8
特立尼达和多巴哥,TT,8
塞浦路斯,CY,7
匈牙利,HU,7
文莱,BN,6
格鲁吉亚,GE,6
克罗地亚,HR,6
萨尔瓦多,SV,6
乍得,TD,6
土库曼斯坦,TM,6
圭亚那,GY,5
查谟和克什米尔,IR,5
利比里亚,LR,5
马耳他,MT,5
挪威,NO,5
乌拉圭,UY,5
伯利兹,BZ,4
吉布提,DJ,4
巴拿马,PA,4
苏丹,SD,4
日本L,JL,3
蒙古,MN,3
波多黎各,PR,3
斯洛伐克,SK,3
百慕大群岛,BM,2
中国,CN,2
黑山国,HS,2
冰岛,IS,2
斐济,FJ,2
立陶宛,LT,2
卢森堡,LU,2
尼加拉瓜,NI,2
塞尔维亚,RS,2
塔吉克斯坦,TJ,2
阿尔及利亚A,BA,1
法属圭亚那,GF,1
关岛,GU,1
开曼群岛,KY,1
摩纳哥,MC,1
塞舌尔,SC,1
斯洛文尼亚,SI,1
特克斯和凯科斯群岛,TC,1
科威特X,AB,0
摩洛哥A,AK,0
黎巴嫩A,AH,0
埃及A,AP,0
卡塔尔X,AJ,0
以色列X,AX,0
阿曼X,AV,0
阿联酋X,AC,0
沙特X,AA,0
叙利亚A,AY,0
土耳其A,BC,0
也门X,BQ,0
伊拉克A,BK,0
巴勒斯坦X,BP,0
巴林X,BU,0
苏丹X,CJ,0
利比亚A,CB,0
约旦A,BX,0
库克群岛,CK,0
马来西亚X,CE,0
中非共和国,CF,0
突尼斯X,CP,0
马哈拉施特拉邦,DA,0
曼尼普尔邦,DB,0
米佐拉姆邦,DC,0
纳加兰邦,DF,0
奥里萨邦,DG,0
旁遮普邦,DI,0
塔米尔纳德邦,DN,0
特伦甘纳邦,DP,0
拉贾斯坦邦,DL,0
达达区邦,DQ,0
乌塔拉坎德邦,DS,0
特里普拉邦,DR,0
古吉拉特邦,DV,0
乌邦,DT,0
西孟加拉邦,DU,0
格林纳达,GD,0
直布罗陀,GI,0
安得拉邦,IB,0
阿鲁纳恰尔邦,IC,0
安尼群岛邦,IA,0
阿萨姆邦,IF,0
比哈尔邦,IG,0
查蒂斯加尔邦,II,0
昌迪加尔邦,IH,0
喜马偕尔邦,IP,0
贾坎德邦,IJ,0
拉克沙群岛邦,IY,0
梅加拉亚邦,IX,0
拉达克邦,IW,0
卡纳塔克邦,IU,0
中央邦,IZ,0
喀拉拉邦,IV,0
列支敦士登,LI,0
圣卢西亚,LC,0
德里邦,IK,0
蒙特塞拉特岛,MS,0
瑙鲁,NR,0
巴布亚新几内亚,PG,0
法属玻利尼西亚,PF,0
所罗门群岛,SB,0
圣马力诺,SM,0
圣多美和普林西比,ST,0
东帝汶,TL,0
汤加,TO,0
圣文森特岛,VC,0
扎伊尔,ZR,0
